Designator,Val,Package,Mid X,Mid Y,Rotation,Layer
"C1","1uF/16V/X7R/C0603","C_0603_1608Metric",100.6000,-56.4000,0.0000,top
"C2","1uF/16V/X7R/C0603","C_0603_1608Metric",92.0000,-68.7000,90.0000,top
"C3","0.1uF/16V/X7R/C0603","C_0603_1608Metric",104.3000,-85.0000,0.0000,top
"C4","0.1uF/16V/X7R/C0603","C_0603_1608Metric",91.5500,-51.4000,-90.0000,top
"C5","0.1uF/16V/X7R/C0603","C_0603_1608Metric",102.9500,-51.3500,-90.0000,top
"C6","0.1uF/16V/X7R/C0603","C_0603_1608Metric",102.9500,-47.7000,-90.0000,top
"C7","0.1uF/16V/X7R/C0603","C_0603_1608Metric",95.5000,-54.6000,180.0000,top
"C8","1uF/16V/X7R/C0603","C_0603_1608Metric",88.5000,-85.0000,90.0000,top
"C9","1uF/16V/X7R/C0603","C_0603_1608Metric",88.2000,-40.8000,-90.0000,top
"C10","0.1uF/16V/X7R/C0603","C_0603_1608Metric",102.9500,-43.5500,90.0000,top
"C11","4.7uF/25V/20%/X5R/C0805","C_0805_2012Metric",90.8700,-42.6800,90.0000,top
"D1","LED_RED","LED_0805_2012Metric",114.6000,-76.7000,-90.0000,top
"D2","LED_GREEN","LED_0805_2012Metric",114.6000,-83.7000,-90.0000,top
"J1","Terminal Block","TerminalBlock_Phoenix_PT-1,5-3-3.5-H_1x03_P3.50mm_Horizontal",121.3000,-56.9000,90.0000,top
"J2","Terminator","PinHeader_1x02_P2.54mm_Vertical",114.7000,-52.5000,0.0000,top
"J3","Terminal Block","TerminalBlock_Phoenix_PT-1,5-3-3.5-H_1x03_P3.50mm_Horizontal",121.3000,-70.6000,90.0000,top
"J4","Conn_01x19","PinSocket_1x19_P2.54mm_Vertical",84.6000,-40.0000,0.0000,top
"J5","Conn_01x19","PinSocket_1x19_P2.54mm_Vertical",110.0000,-40.0000,0.0000,top
"J6","Terminator","PinHeader_1x02_P2.54mm_Vertical",114.8000,-66.3000,0.0000,top
"J7","Terminal Block","TerminalBlock_Phoenix_PT-1,5-3-3.5-H_1x03_P3.50mm_Horizontal",121.4000,-43.7000,90.0000,top
"R1","120R/1%/R0805","R_0805_2012Metric",114.7000,-49.4000,0.0000,top
"R2","523R/20%/R0805","R_0805_2012Metric",104.3000,-75.3000,0.0000,top
"R3","120R/1%/R0805","R_0805_2012Metric",114.8000,-63.3000,0.0000,top
"R4","523R/20%/R0805","R_0805_2012Metric",104.3000,-78.7000,0.0000,top
"R5","10K/10%/R0805","R_0805_2012Metric",104.3000,-82.2000,0.0000,top
"SW1","SW_Push","SW_Push_1P1T_NO_6x6mm_H9.5mm",121.7000,-80.7000,90.0000,top
"U1","MAX3483E","SO-8_3.9x4.9mm_P1.27mm",97.3000,-60.6000,0.0000,top
"U2","SN65HVD233","SOIC-8_3.9x4.9mm_P1.27mm",97.4000,-68.7000,0.0000,top
"U3","MAX3232","SOIC-16_3.9x9.9mm_P1.27mm",97.2000,-47.7000,180.0000,top
