"Comment","Designator","Footprint","JLCPCB Part #"
"0.1uF/16V/X7R/C0603","C3,C4,C5,C6,C7,C10","C_0603_1608Metric","C14663"
"1uF/16V/X7R/C0603","C1,C2,C8,C9","C_0603_1608Metric","C15849"
"4.7uF/25V/20%/X5R/C0805","C11","C_0805_2012Metric","C1779"
"LED_GREEN","D2","LED_0805_2012Metric","C2297"
"LED_RED","D1","LED_0805_2012Metric","C84256"
"Conn_01x19","J4,J5","PinSocket_1x19_P2.54mm_Vertical","C319202"
"Terminal Block","J1,J3,J7","TerminalBlock_Phoenix_PT-1,5-3-3.5-H_1x03_P3.50mm_Horizontal","C2760669"
"Terminator","J2,J6","PinHeader_1x02_P2.54mm_Vertical","C492401"
"10K/10%/R0805","R5","R_0805_2012Metric","C17414"
"120R/1%/R0805","R1,R3","R_0805_2012Metric","C114245"
"523R/20%/R0805","R2,R4","R_0805_2012Metric","C218615"
"SW_Push","SW1","SW_Push_1P1T_NO_6x6mm_H9.5mm","C2834922"
"MAX3232","U3","SOIC-16_3.9x9.9mm_P1.27mm","C2904738"
"MAX3483E","U1","SO-8_3.9x4.9mm_P1.27mm","C668204"
"SN65HVD233","U2","SOIC-8_3.9x4.9mm_P1.27mm","C129257"
